{
    "accuracy": 0.9943089430894309,
    "f1_weighted": 0.9944259082361894,
    "recall_weighted": 0.9943089430894309
}