{
  "Accuracy": 0.994309,
  "F1_weighted": 0.994426,
  "Recall_weighted": 0.994309
}